Name,Position,Age,Address
"Anya Schoen","Cansuran Kagawad",42,"5404 Klein Ways
South Carolyneport, NV 36838-6025"
"Carroll Keebler III","Campinoon Kagawad",33,"470 Cade Crossing
Klockobury, MO 53785-4477"
"Daron Rau","Centro Kagawad",54,"4723 Arvilla Springs
Elverafurt, IL 80841"
"Dr. Florine Homenick","Upper Lagayac Kagawad",56,"87894 Fritsch Bridge
Weimanntown, GA 76526"
"Dr. Talon Baumbach I",Kapitan,37,"826 Bauch Throughway Apt. 733
Ornside, AL 97441-1877"
"Giuseppe Kub Sr.","Lower Lagayac Kagawad",59,"81999 Swaniawski Ford
Raumouth, UT 87792-9155"
"Halie Morissette",Personel,37,"6754 Harry Plains Suite 549
Zoeshire, DE 56884-8136"
"Jaleel Pouros",Kapitan,47,"26026 Brayan Unions
South Cayla, NH 05331"
"Jerald Nikolaus",Kapitan,51,"3405 Xavier Mission Suite 782
Belleport, MI 57785"
"Keely Cremin","Salvacion Kagawad",57,"842 Prosacco Flats
West Alenehaven, NH 82149"
"Kristy Koch","Campinoon Kagawad",43,"5920 Santina Plains Apt. 244
East Lilianport, OK 01051"
"Margaretta Nitzsche",Kapitan,32,"5163 Shayne Locks Suite 403
Klingport, MT 31822-2141"
"Miss Makenzie Kessler",Tanod,36,"85341 Raleigh Square
Janland, OH 81795-7760"
"Mr. Austin Beahan Jr.",Kapitan,39,"4506 Mable Ferry Apt. 391
West Angelita, DE 73694"
"Mr. Charley Kertzmann I","Centro Kagawad",30,"900 Athena Extensions Suite 131
Murrayport, IA 23063-8481"
"Ms. Dorothy Rohan II","Campinoon Kagawad",49,"6521 Richmond Gardens Apt. 533
Efrainmouth, AZ 40331"
"Ms. Isabella Harris DDS","Centro Kagawad",49,"30018 Reynolds Island
Cheyannechester, AK 82796-9578"
"Osborne Walker","Lower Lagayac Kagawad",57,"277 Gay Avenue Suite 123
West Rosellaport, OK 97800-7530"
"Prof. Destinee Jacobi Jr.",Tanod,30,"16320 Olson Fort
New Korbin, TN 46664-0801"
"Sally Von I","Upper Lagayac Kagawad",29,"57323 Runolfsson Ridges
New Kaylahborough, OR 65602"
